ipv4_initiator,1_pred
198.211.96.205,0.0016221251571550965
118.194.232.80,0.001619783928617835
83.222.191.82,0.0016182094113901258
147.185.133.170,0.0016021381597965956
157.245.211.110,0.0016021381597965956
147.185.133.19,0.00155418342910707
138.68.40.39,0.0015540700405836105
159.89.162.153,0.0015476093394681811
83.222.191.130,0.0015266707632690668
147.185.133.125,0.0015193800209090114
